name,email,phoneNumber
Stephanie Ramos,steph.ramos@gmail.com,524625212
Paul Mathison,paul.mathison@gmail.com,659563287
John Smith,john.smith@gmail.com,754698936
Stephanie Ramos,steph.ramos@gmail.com,524625212
Paul Mathison,paul.mathison@gmail.com,659563287
John Smith,john.smith@gmail.com,754698936
Stephanie Ramos,steph.ramos@gmail.com,524625212
Paul Mathison,paul.mathison@gmail.com,659563287
John Smith,john.smith@gmail.com,754698936
Stephanie Ramos,steph.ramos@gmail.com,524625212
Paul Mathison,paul.mathison@gmail.com,659563287
John Smith,john.smith@gmail.com,754698936
Stephanie Ramos,steph.ramos@gmail.com,524625212
Paul Mathison,paul.mathison@gmail.com,659563287
John Smith,john.smith@gmail.com,754698936
Stephanie Ramos,steph.ramos@gmail.com,524625212
Paul Mathison,paul.mathison@gmail.com,659563287
John Smith,john.smith@gmail.com,754698936
Stephanie Ramos,steph.ramos@gmail.com,524625212
Paul Mathison,paul.mathison@gmail.com,659563287
John Smith,john.smith@gmail.com,754698936
Stephanie Ramos,steph.ramos@gmail.com,524625212
Paul Mathison,paul.mathison@gmail.com,659563287
John Smith,john.smith@gmail.com,754698936
Stephanie Ramos,steph.ramos@gmail.com,524625212
Paul Mathison,paul.mathison@gmail.com,659563287
John Smith,john.smith@gmail.com,754698936
Stephanie Ramos,steph.ramos@gmail.com,524625212
Paul Mathison,paul.mathison@gmail.com,659563287
John Smith,john.smith@gmail.com,754698936
Stephanie Ramos,steph.ramos@gmail.com,524625212
Paul Mathison,paul.mathison@gmail.com,659563287
John Smith,john.smith@gmail.com,754698936
Stephanie Ramos,steph.ramos@gmail.com,524625212
Paul Mathison,paul.mathison@gmail.com,659563287
John Smith,john.smith@gmail.com,754698936
Stephanie Ramos,steph.ramos@gmail.com,524625212
Paul Mathison,paul.mathison@gmail.com,659563287
John Smith,john.smith@gmail.com,754698936
Stephanie Ramos,steph.ramos@gmail.com,524625212
Paul Mathison,paul.mathison@gmail.com,659563287
John Smith,john.smith@gmail.com,754698936
Stephanie Ramos,steph.ramos@gmail.com,524625212
Paul Mathison,paul.mathison@gmail.com,659563287
John Smith,john.smith@gmail.com,754698936
Stephanie Ramos,steph.ramos@gmail.com,524625212
Paul Mathison,paul.mathison@gmail.com,659563287
John Smith,john.smith@gmail.com,754698936
Stephanie Ramos,steph.ramos@gmail.com,524625212
Paul Mathison,paul.mathison@gmail.com,659563287
John Smith,john.smith@gmail.com,754698936
Stephanie Ramos,steph.ramos@gmail.com,524625212
Paul Mathison,paul.mathison@gmail.com,659563287
John Smith,john.smith@gmail.com,754698936
Stephanie Ramos,steph.ramos@gmail.com,524625212
Paul Mathison,paul.mathison@gmail.com,659563287
John Smith,john.smith@gmail.com,754698936
Stephanie Ramos,steph.ramos@gmail.com,524625212
Paul Mathison,paul.mathison@gmail.com,659563287
John Smith,john.smith@gmail.com,754698936
Stephanie Ramos,steph.ramos@gmail.com,524625212
Paul Mathison,paul.mathison@gmail.com,659563287
John Smith,john.smith@gmail.com,754698936
Stephanie Ramos,steph.ramos@gmail.com,524625212
Paul Mathison,paul.mathison@gmail.com,659563287
John Smith,john.smith@gmail.com,754698936
Stephanie Ramos,steph.ramos@gmail.com,524625212
Paul Mathison,paul.mathison@gmail.com,659563287
John Smith,john.smith@gmail.com,754698936
Stephanie Ramos,steph.ramos@gmail.com,524625212
Paul Mathison,paul.mathison@gmail.com,659563287
John Smith,john.smith@gmail.com,754698936
Stephanie Ramos,steph.ramos@gmail.com,524625212
Paul Mathison,paul.mathison@gmail.com,659563287
John Smith,john.smith@gmail.com,754698936
Stephanie Ramos,steph.ramos@gmail.com,524625212
Paul Mathison,paul.mathison@gmail.com,659563287
John Smith,john.smith@gmail.com,754698936
Stephanie Ramos,steph.ramos@gmail.com,524625212
Paul Mathison,paul.mathison@gmail.com,659563287
John Smith,john.smith@gmail.com,754698936
Stephanie Ramos,steph.ramos@gmail.com,524625212
Paul Mathison,paul.mathison@gmail.com,659563287
John Smith,john.smith@gmail.com,754698936
Stephanie Ramos,steph.ramos@gmail.com,524625212
Paul Mathison,paul.mathison@gmail.com,659563287
John Smith,john.smith@gmail.com,754698936
Stephanie Ramos,steph.ramos@gmail.com,524625212
Paul Mathison,paul.mathison@gmail.com,659563287
John Smith,john.smith@gmail.com,754698936
Stephanie Ramos,steph.ramos@gmail.com,524625212
Paul Mathison,paul.mathison@gmail.com,659563287
John Smith,john.smith@gmail.com,754698936
Stephanie Ramos,steph.ramos@gmail.com,524625212
Paul Mathison,paul.mathison@gmail.com,659563287
John Smith,john.smith@gmail.com,754698936
Stephanie Ramos,steph.ramos@gmail.com,524625212
Paul Mathison,paul.mathison@gmail.com,659563287
John Smith,john.smith@gmail.com,754698936
Stephanie Ramos,steph.ramos@gmail.com,524625212
Paul Mathison,paul.mathison@gmail.com,659563287
John Smith,john.smith@gmail.com,754698936
Stephanie Ramos,steph.ramos@gmail.com,524625212
Paul Mathison,paul.mathison@gmail.com,659563287
John Smith,john.smith@gmail.com,754698936
Stephanie Ramos,steph.ramos@gmail.com,524625212
Paul Mathison,paul.mathison@gmail.com,659563287
John Smith,john.smith@gmail.com,754698936
Stephanie Ramos,steph.ramos@gmail.com,524625212
Paul Mathison,paul.mathison@gmail.com,659563287
John Smith,john.smith@gmail.com,754698936
Stephanie Ramos,steph.ramos@gmail.com,524625212
Paul Mathison,paul.mathison@gmail.com,659563287
John Smith,john.smith@gmail.com,754698936
Stephanie Ramos,steph.ramos@gmail.com,524625212
Paul Mathison,paul.mathison@gmail.com,659563287
John Smith,john.smith@gmail.com,754698936
